<modDesc descVersion="79">
	<author>Fetty42</author>
	<version>1.1.0.0</version>
	<title>
		<de>Silo Fülltyp Begrenzung</de>
        <en>Silo Filltype Limiting</en>
    </title>
    <description>
        <de><![CDATA[Um das Spiel realistischer zu gestalten, wird durch diesen Mod die Anzahl der verschiedenen Fülltypen, die gleichzeitig in einem Silo gelagert werden können, begrenzt.
Durch die Verwendung von Siloerweiterungen wird diese Anzahl erhöht.

Für Fehlermeldungen oder Anregungen besucht bitte: https://github.com/Fetty42/FS22_SiloFilltypeLimiting

Update 1.1.0
- Konfigurationsdatei im Ordner "modSettings" wird nach ersten Speichern angelegt
 - Default für die maximale Anzahl Fülltypen per Silo änderbar
 - Default für Anzahl weitere Fülltypen pro Siloerweiterung
 - Pro Silotyp kann explizit die maximale Anzahl der Fülltypen angegeben werden (optional, -1=Default)
  (Liste wird beim Speichern um die aktuellen relevanten Silos auf der Karte erweitert)

Update 1.0.1
- Möglichen Fehler bei Silobefüllung mit einer Schnecke behoben]]></de>
        <en><![CDATA[To make the game more realistic, this mod limits the number of different fill types that can be stored in a silo at the same time.
By using silo extensions, this number is increased.

For any error messages or suggestions, please visit: https://github.com/Fetty42/FS22_SiloFilltypeLimiting

Update 1.1.0
- Configuration file in the "modSettings" folder is created after the first save
 - Default for the maximum number of fill types per silo can be changed
 - Default for number of additional fill types per silo extension
 - The maximum number of fill types can be explicitly specified per silo type (optional, -1=default)
  (list is extended by the current relevant silos on the map when saving)

Update 1.0.1
- Possible error during silo filling with auger fixed]]></en>
        <fr><![CDATA[Afin de rendre le jeu plus réaliste, ce mod limite le nombre de types de remplissage différents pouvant être stockés simultanément dans un silo.
L'utilisation d'extensions de silo permet d'augmenter ce nombre.

Pour les messages d'erreur ou les suggestions, veuillez visiter : https://github.com/Fetty42/FS22_SiloFilltypeLimiting

Update 1.1.0
- Le fichier de configuration dans le dossier "modSettings" est créé après la première sauvegarde.
 - Défaut pour le nombre maximal de types de remplissage par silo modifiable
 - Défaut pour le nombre d'autres types de remplissage par extension de silo
 - Le nombre maximal de types de remplissage peut être explicitement indiqué par type de silo (optionnel, -1=défaut)
  (la liste est complétée lors de l'enregistrement par les silos pertinents actuels sur la carte)

Update 1.0.1
- Correction d'une erreur possible lors du remplissage du silo avec une vis sans fin]]></fr>
        <ru><![CDATA[Чтобы сделать игру более реалистичной, этот мод ограничивает количество различных типов заполнения, которые можно одновременно хранить в бункере.
Используя расширения силоса, это число увеличивается.

Для любых сообщений об ошибках или предложениях, пожалуйста, посетите: https://github.com/Fetty42/FS22_SiloFilltypeLimiting

- Конфигурационный файл в папке "modSettings" создается после первого сохранения
 - Можно изменить значение по умолчанию для максимального количества типов наполнения на силос
 - Значение по умолчанию для количества дополнительных типов наполнения для расширения силоса
 - Максимальное количество типов наполнения может быть явно указано для каждого типа силоса (опционально, -1=по умолчанию)
  (при сохранении список расширяется за счет текущих соответствующих силосов на карте)

Update 1.0.1
- Исправлена возможная ошибка при заполнении силоса шнеком]]></ru>
    </description>

	<iconFilename>icon_SiloFilltypeLimiting.dds</iconFilename>
	<multiplayer supported="true" />
	<extraSourceFiles>
		<sourceFile filename="SiloFilltypeLimiting.lua" />
	</extraSourceFiles>    

	<l10n>
		<text name="SiloFilltypeLimiting_UnloadingNotAllowed">
			<de>Zu viele Fülltypen (%s/%s) --> Entladen ist nicht erlaubt</de>
			<en>Too many filltypes (%s/%s) --> Unloading is not allowed</en>
			<fr>Trop de types de remplissage (%s/%s) --> le déchargement n'est pas autorisé</fr>
			<ru>Слишком много видов наполнителей (%s/%s) -> Разгрузка не возможна</ru>
		</text>
		<text name="SiloFilltypeLimiting_ExistingFiltype">
			<de>Vorhandener Fülltyp (%s/%s)</de>
			<en>Existing filetype (%s/%s)</en>
			<fr>Type de remplissage existant (%s/%s)</fr>
			<ru>Существующий тип заполнения (%s/%s)</ru>
		</text>
		<text name="SiloFilltypeLimiting_NewFilltype">
			<de>Neuer Fülltyp (%s/%s)</de>
			<en>New filetype (%s/%s)</en>
			<fr>Nouveau type de remplissage (%s/%s)</fr>
			<ru>Новый тип наполнения (%s/%s)</ru>
		</text>
	</l10n>
</modDesc>
