<modDesc descVersion="71">
	<author>Fetty</author>
	<version>1.0.0.0</version>
	<title>
		<de>Silo Anzahl Fülltyp Limit</de>
        <en>Silo Count Fill Type Limit</en>
		<fr>Nombre de silos Type de remplissage Limite</fr>
		<ru>Ограничение типов культур в бункерах</ru>
    </title>
    <description>
		<de><![CDATA[Um das Spiel realistischer zu gestalten, wird durch diesen Mod die Anzahl der verschiedenen Fülltypen, die gleichzeitig in einem Silo gelagert werden können, begrenzt.
Durch die Verwendung von Siloerweiterungen wird diese Anzahl erhöht.

Für Fehlermeldungen oder Anregungen besucht bitte: https://github.com/Fetty42/FS22_SiloCountFillTypeLimit]]></de>
        <en><![CDATA[To make the game more realistic, this mod limits the number of different fill types that can be stored in a silo at the same time.
By using silo extensions, this number is increased.

For any error messages or suggestions, please visit: https://github.com/Fetty42/FS22_SiloCountFillTypeLimit]]></en>
        <fr><![CDATA[Afin de rendre le jeu plus réaliste, ce mod limite le nombre de types de remplissage différents pouvant être stockés simultanément dans un silo.
L'utilisation d'extensions de silo permet d'augmenter ce nombre.

Pour les messages d'erreur ou les suggestions, veuillez visiter : https://github.com/Fetty42/FS22_SiloCountFillTypeLimit]]></fr>
		<ru><![CDATA[Чтобы сделать игру более реалистичной, этот мод ограничивает количество различных типов заполнения, которые можно одновременно хранить в бункере.
Используя расширения силоса, это число увеличивается.

Для любых сообщений об ошибках или предложениях, пожалуйста, посетите: https://github.com/Fetty42/FS22_SiloCountFillTypeLimit]]></ru>
    </description>

	<iconFilename>icon.dds</iconFilename>
	<multiplayer supported="true" />
	<extraSourceFiles>
		<sourceFile filename="SiloCountFillTypeLimit.lua" />
	</extraSourceFiles>    

	<l10n>
		<text name="SiloCountFillTypeLimit_UnloadingNotAllowed">
			<de>Zu viele Silozellen sind bereits belegt (%s/%s) --> Entladen ist nicht erlaubt</de>
			<en>Too many storage slots are already in use (%s/%s) --> Unloading is not allowed</en>
			<ru>Для хранения уже используются все бункеры (%s/%s) -> Разгрузка не возможна</ru>
		</text>
		<text name="SiloCountFillTypeLimit_ExistingFiltype">
			<de>Vorhandener Fülltyp, %s/%s Zellen in Benuzung</de>
			<en>Existing filetype, %s/%s slots in use</en>
			<ru>Существующая культура; используется %s из %s бункеров</ru>
		</text>
		<text name="SiloCountFillTypeLimit_NewFilltype">
			<de>Neuer Fülltyp, %s/%s Zellen in Benutzung</de>
			<en>New filetype, %s/%s slots in use</en>
			<ru>Новая культура; используется %s из %s бункеров</ru>
		</text>
	</l10n>
</modDesc>
